SubjectID,SY_SlidingWindo___en2_10_Frontal_L,SY_SlidingWindo___en2_10_Frontal_R,SY_SlidingWindo___en2_10_Central_L,SY_SlidingWindo___en2_10_Central_R,SY_SlidingWindo___en2_10_Parietal_L,SY_SlidingWindo___en2_10_Parietal_R,SY_SlidingWindo___en2_10_Temporal_L,SY_SlidingWindo___en2_10_Temporal_R,SY_SlidingWindo___en2_10_Occipital_L,SY_SlidingWindo___en2_10_Occipital_R,SY_SlidingWindo___en2_10_Midline,SY_SlidingWindo___en2_10_Anterior,SY_SlidingWindo___en2_10_Posterior,ApEn2_02_Frontal_L,ApEn2_02_Frontal_R,ApEn2_02_Central_L,ApEn2_02_Central_R,ApEn2_02_Parietal_L,ApEn2_02_Parietal_R,ApEn2_02_Temporal_L,ApEn2_02_Temporal_R,ApEn2_02_Occipital_L,ApEn2_02_Occipital_R,ApEn2_02_Midline,ApEn2_02_Anterior,ApEn2_02_Posterior,EN_mse_1_10_2_0___SampEn_Frontal_L,EN_mse_1_10_2_0___SampEn_Frontal_R,EN_mse_1_10_2_0___SampEn_Central_L,EN_mse_1_10_2_0___SampEn_Central_R,EN_mse_1_10_2_0___SampEn_Parietal_L,EN_mse_1_10_2_0___SampEn_Parietal_R,EN_mse_1_10_2_0___SampEn_Temporal_L,EN_mse_1_10_2_0___SampEn_Temporal_R,EN_mse_1_10_2_0___SampEn_Occipital_L,EN_mse_1_10_2_0___SampEn_Occipital_R,EN_mse_1_10_2_0___SampEn_Midline,EN_mse_1_10_2_0___SampEn_Anterior,EN_mse_1_10_2_0___SampEn_Posterior
M01,-1.20397280432594,-1.20238536941021,-1.20397280432594,-1.20397280432594,-1.20397280432594,-1.20397280432594,-1.20397280432594,-1.20009613635636,-1.20397280432594,-1.20397280432594,-1.20397280432594,-1.20252338369724,-1.20397280432594,0.964329062368948,0.944818288501921,0.902590555772781,0.971869121363753,0.890960721516802,1.01816992850214,0.939595308388856,0.916170441120204,0.868957186128774,0.947766847547634,1.0166160820372,0.945692033787691,0.932483888456397,0.154860134777617,0.0374466534194249,0.703385838043271,0.160126255580883,0.421625638519025,0.117658152919269,0.46439544309525,0.17149405844172,0.223969933653507,0.111984966826753,0.287525120766796,0.13988839720648,0.311502838393282
M02,-1.19408151715944,-1.20397280432594,-1.20022732835059,-1.20397280432594,-1.20397280432594,-1.20397280432594,-1.19626252358451,-1.20397280432594,-1.20397280432594,-1.20397280432594,-1.20397280432594,-1.19903171886636,-1.2036051403039,1.01073764552453,1.04982372128222,0.996514770051223,0.933937422814638,0.883824495130825,0.866238499988122,0.958590960952365,0.969351426903923,0.860864078133067,0.731516111485823,0.956136217869386,1.02952847351183,0.862764907474919,0.6379798211066,0.787938832324483,0.867014882466701,1.12944739178857,1.39820545091328,1.28509574765301,1.20783083756978,1.15184811506982,1.51519335224127,0.977301200514789,1.32925890066211,0.764345638328547,1.29188559400765
M03,-1.20397280432594,-1.20397280432594,-1.20397280432594,-1.20397280432594,-1.2023676003365,-1.20397280432594,-1.20397280432594,-1.20397280432594,-1.20397280432594,-1.20397280432594,-1.20397280432594,-1.20397280432594,-1.20362166595325,1.09007693882818,1.07260735738538,0.982138709340319,0.910743797894191,0.879152522712825,0.897943825406887,1.16529191760191,1.11671822972309,0.907899990796808,0.901146607866448,0.834343905320122,1.09226718722275,0.923640411944738,0.0307637781749722,0.183749735583964,0,0,0,0.60060508554595,0.16108290242407,0,0,0,0.0853218794870502,0.0905096931775568,0.16158540666769
M04,-1.20397280432594,-1.2028233284147,-1.20397280432594,-1.18378766670109,-1.20048779259955,-1.19880704278453,-1.20397280432594,-1.20397280432594,-1.20397280432594,-1.19146237200631,-1.20397280432594,-1.20354707250696,-1.19862428698133,0.998723721793239,0.981082294407143,0.973361708853651,0.816967704423585,0.912663330831751,0.720392489043437,1.0990557253458,1.05414960220459,1.13779060937245,0.879448661453981,0.772969200162064,1.01031163219292,0.89444237010653,0.106520302423057,0.0708706331279073,1.10431954610712,1.50138672390408,1.46148739900535,1.62617416854019,1.04772550363813,0.423137836634524,0.452606902652389,0.522596127569237,0.693766582490175,0.187141708469437,1.17830989905296
M05,-1.20397280432594,-1.20397280432594,-1.20397280432594,-1.20397280432594,-1.20397280432594,-1.20397280432594,-1.20397280432594,-1.20397280432594,-1.20397280432594,-1.20397280432594,-1.20397280432594,-1.20397280432594,-1.20397280432594,0.897851648257646,0.983390302429884,0.802693289092101,0.890583119050375,0.797946921910047,0.854142759440054,0.907963094922864,1.01589530617418,1.03975065444112,1.13154090840964,0.774358717504815,0.937999374743075,0.908629491094116,1.08781876351967,0.503950214783205,0.50356432565545,0.430918598206032,1.22995852528479,1.5842367348136,0.836882262620078,0.704832073226418,0.646871386846002,1.09090224082499,0.448225451143159,0.680805158709938,1.15353299875886
M06,-1.20397280432594,-1.20397280432594,-1.20397280432594,-1.20397280432594,-1.20397280432594,-1.20397280432594,-1.20397280432594,-1.20397280432594,-1.20397280432594,-1.20397280432594,-1.20397280432594,-1.20397280432594,-1.20397280432594,0.90507204189808,0.997876336013955,0.815907582172274,0.897373633221491,0.903137012831795,0.849089578575549,0.977336420303076,0.901903711400344,1.034298854923,0.945910391724167,0.786073138623468,0.925789203775867,0.920316888273914,0,0.0895879734614028,0,0,0.352974458757807,0,0,0,0,0.12996509635499,0,0.0331807309116306,0.0934587998976441
M07,-1.20397280432594,-1.20397280432594,-1.20397280432594,-1.20397280432594,-1.20397280432594,-1.20397280432594,-1.20018427315287,-1.20397280432594,-1.20397280432594,-1.20397280432594,-1.20397280432594,-1.20397280432594,-1.20326245473099,1.09104843795106,1.12111844643161,1.10253054628854,1.07436899642325,1.12488029147362,1.07788106569236,1.32100135950471,1.31954482135845,1.24366200909116,1.20635936150113,0.908117414479227,1.13744198644398,1.15533713665449,0,0.175132580975522,0.43984288826921,0.493583969505842,0.214425715950552,0.391775911127919,0.0670599130180875,0.602067618091356,0.178859279662037,0,0,0.115012996678012,0.305395402629476
M09,-1.20397280432594,-1.20397280432594,-1.20397280432594,-1.20397280432594,-1.2023676003365,-1.20397280432594,-1.20397280432594,-1.20397280432594,-1.20397280432594,-1.20397280432594,-1.20397280432594,-1.20397280432594,-1.20362166595325,1.10399044099525,1.15305853641675,1.02962608835671,0.920314423152631,1.01897469643192,1.00252779225253,1.22831177838634,1.2454871748294,1.07938631478237,1.09212482960808,0.916017706751563,1.14516193359378,1.04836650725373,0.112495241758257,0.0881055317828641,0.359790676128026,0,0.308392008109736,0,0.277683709181267,0.130390627348206,0.378668565391363,0,0,0.103272277759276,0.192007485301196
M10,-1.20049732763296,-1.20052316075159,-1.20397280432594,-1.20397280432594,-1.19587789823258,-1.20397280432594,-1.20397280432594,-1.20397280432594,-1.20397280432594,-1.20397280432594,-1.19364128124313,-1.20140794496767,-1.20220204361801,0.807517929208883,0.771812409636565,0.738248372947491,0.722617869494779,0.809792213794785,0.758158318636767,0.919037617993383,0.84715000248691,0.953858990803522,0.915855215096686,0.744788483256907,0.820269501437463,0.822341542118587,1.19458096679134,1.20955536598673,1.43680960994491,1.5193877494536,0.670750112887778,1.44010150527697,0,0.276012749444119,0.386313385672918,1.2357100876735,1.38844723841989,0.976419820652332,0.929643919638949
M11,-1.20397280432594,-1.20397280432594,-1.20397280432594,-1.20397280432594,-1.20397280432594,-1.20397280432594,-1.20397280432594,-1.20397280432594,-1.20397280432594,-1.20397280432594,-1.20397280432594,-1.20397280432594,-1.20397280432594,1.12481200716576,1.20099908245828,1.02125586161478,0.954824152656579,0.907330523088804,0.927123791061539,1.20366398563129,1.2716206949537,1.11875680469131,1.10059535348492,0.831754137678052,1.18028035498747,0.995037652059791,0.385994722989476,1.19985362195102,1.4117662045789,1.30029590159241,1.40912691780715,1.41063181862066,1.09185837370743,0.991468526573327,1.33859110153208,1.15946098809466,0.37078352127044,0.755776706797619,1.33566645298091
M12,-1.19780160854861,-1.20397280432594,-1.20397280432594,-1.20397280432594,-1.20397280432594,-1.20397280432594,-1.20397280432594,-1.20397280432594,-1.20397280432594,-1.20397280432594,-1.20397280432594,-1.20168717626026,-1.20397280432594,1.03735806624872,1.07055376314229,0.957556170208669,0.938195206079897,0.907227929556913,0.884598461610485,1.15571494059313,1.07443555300958,0.887100756781973,0.91985529660951,0.877844308161916,1.0581439665707,0.936539549426969,0.355226285650455,0.460866353148198,1.51943489860777,1.21870856706833,0.926894574090169,0.53338942367905,0.927674007789323,1.14142425086471,0,0,0.194049057958189,0.416785436821176,0.67238342279803
M13,-1.20397280432594,-1.20397280432594,-1.20397280432594,-1.20397280432594,-1.20397280432594,-1.20397280432594,-1.1939770784452,-1.20397280432594,-1.20397280432594,-1.20397280432594,-1.20397280432594,-1.2026335328152,-1.20322861606048,1.29982555438572,1.25199445943395,1.25740660370463,1.15430776827508,1.24824278932679,1.1773085480862,1.367899403862,1.25163224649156,1.31562573936535,1.35406306171758,1.09135339349333,1.25215325595679,1.26645418800373,0.275889859004068,0,0,0,0,0,0.473446766599136,0,0,0,0,0.135930869226886,0.060295178765924
M14,-1.20397280432594,-1.20397280432594,-1.20397280432594,-1.20397280432594,-1.20397280432594,-1.20233069588131,-1.20397280432594,-1.20397280432594,-1.20397280432594,-1.20397280432594,-1.20397280432594,-1.20397280432594,-1.20361359310368,1.28764520499406,1.31749509794532,1.18664625443485,1.35335531159722,0.971087730291852,1.03048136385424,1.22251868389006,1.29728438313045,0.897553713645387,1.02768315865122,1.07505893700355,1.31787461173369,1.0358919863846,0,0.125225872147338,0,0.1035377770745,0.115114440011458,0.0523148708889576,0,0.151179905649109,0.164337176082761,0.12634535211983,0,0.0799754872358532,0.0826671443855242
M16,-1.20397280432594,-1.20397280432594,-1.20397280432594,-1.20397280432594,-1.20397280432594,-1.20397280432594,-1.20397280432594,-1.20397280432594,-1.20397280432594,-1.20397280432594,-1.20397280432594,-1.20397280432594,-1.20397280432594,1.04375909254965,1.08120804415166,0.880821033722027,0.95739135238559,1.01301151621882,1.02268426227697,1.06488439009522,0.991018672113277,1.18897146348843,1.12395677759395,1.06438047350603,1.05249096341218,1.05485130317464,0.401100453543832,1.04143153580442,1.53420940289681,1.4874838066531,1.68408351508251,1.38868872717775,1.57683160439347,1.12440646473628,0.876412013684551,1.15950043264635,1.32313967302964,0.86391037336992,1.3662844016387
M17,-1.20397280432594,-1.20397280432594,-1.20397280432594,-1.20397280432594,-1.20397280432594,-1.20397280432594,-1.1983115351652,-1.1983115351652,-1.18911771967412,-1.20397280432594,-1.20397280432594,-1.2018728486962,-1.20176478037177,1.36690190936262,1.27548361433253,1.24230362511236,1.22689767970702,1.18463214862797,1.40405131028996,1.42781234943477,1.38558699774681,1.37713489804416,1.41568463485179,1.11738901463071,1.32385216346258,1.32651888592781,0.352510785732443,0.383105489617778,0.226382038026258,0,0.0784723063334364,0.445925268670205,0.307525590677887,0.138887462197916,0,0.892137213161358,0,0.335813290460853,0.256469190812028
M18,-1.16358592686392,-1.20397280432594,-1.19603479616106,-1.20397280432594,-1.20397280432594,-1.20397280432594,-1.20018427315287,-1.20397280432594,-1.20397280432594,-1.20397280432594,-1.1941166798278,-1.18689515997771,-1.20397280432594,1.21290374889998,1.24667635578428,1.06416462654805,1.1860580223704,0.938290942887348,1.12388874927581,1.24889780652956,1.35350324964585,1.11790645855513,1.18179889761849,0.937620173886542,1.24852683104664,1.0842710079466,0.552814509909496,0.916990214728943,0.463655431177376,1.1963430028387,1.28589264413636,0.375813690252053,0.419516040124446,0.922776499175087,0.280712750272206,0.798478695881589,0.699725236562272,0.657435051907692,0.783849230856459
M19,-1.20397280432594,-1.20273817369642,-1.20397280432594,-1.20005105475757,-1.20397280432594,-1.20397280432594,-1.20397280432594,-1.20397280432594,-1.19080273986871,-1.20397280432594,-1.20397280432594,-1.20351553372241,-1.20195888224675,1.39483328693796,1.38532315054747,1.49328730137927,1.471277182105,1.48290939573484,1.45816183536514,1.47414711289295,1.45815912565525,1.33817751513106,1.43836713530836,1.31766597877382,1.39969824748806,1.44255147868931,0.168823470064447,0.320565892196933,0.590209110645636,0.818377153696362,0.400463081330069,0.248231550618921,0.1035377770745,0.420726210962872,0.1733084005509,0,0,0.218731710195226,0.256908746876578
M20,-1.20397280432594,-1.20397280432594,-1.20397280432594,-1.20397280432594,-1.20397280432594,-1.20397280432594,-1.20397280432594,-1.20397280432594,-1.20397280432594,-1.20397280432594,-1.20397280432594,-1.20397280432594,-1.20397280432594,0.896045336290102,1.00145102295012,0.919988661584727,0.799094358630817,0.987137151341961,0.987373788760028,1.10172703980404,1.12259069323751,1.13121847026175,1.24711837881055,0.858966096952785,0.980268344997807,1.03860352084759,0,0.359863446165586,0,0.484629247211588,0,0,0,0,0,0,0,0.133282757839106,0
M22,-1.20397280432594,-1.20397280432594,-1.20397280432594,-1.20397280432594,-1.20397280432594,-1.20397280432594,-1.20397280432594,-1.20397280432594,-1.20397280432594,-1.20397280432594,-1.20397280432594,-1.20397280432594,-1.20397280432594,0.888756561215179,0.877702389217863,0.942207972468275,0.891001198440313,0.760273729494598,0.838622439564623,0.964812659125372,1.07248432141282,0.719847034496278,1.13758131349,0.701140820502494,0.895330303341226,0.871595471710655,0.56919995426376,0.370483444666121,0.758728118459166,1.03195583856749,0.419268796341046,1.3278237934138,0.628816102542478,0.818600597000806,0.315546388549353,1.19229755095481,0,0.360866947391807,0.887690113745491
M23,-1.20273817369642,-1.20031339119008,-1.20397280432594,-1.20397280432594,-1.20397280432594,-1.2023676003365,-1.20397280432594,-1.20397280432594,-1.20397280432594,-1.20397280432594,-1.20397280432594,-1.20216019552395,-1.20362166595325,1.393595212034,1.39444449311545,1.49914686949119,1.50234697103071,1.36218808537045,1.486227905215,1.49841262364679,1.50298345691188,1.28388033635374,1.41832520797044,1.22496923628916,1.41134339305054,1.41140954751097,0.449372592639758,0.112903731439294,0.331011113120334,0.361219705090338,0,0.0990210257942779,0,0.847233047418792,0.137326536083514,0,0,0.360433544750424,0.0623278757275668
M24,-1.20397280432594,-1.20397280432594,-1.20397280432594,-1.20397280432594,-1.20397280432594,-1.20397280432594,-1.20397280432594,-1.20397280432594,-1.20397280432594,-1.20397280432594,-1.20397280432594,-1.20397280432594,-1.20397280432594,1.30737293662932,1.1595382424521,1.15498185341082,1.22856489051985,1.23998802154152,1.31543896892676,1.28414005166873,1.23880540521639,1.27695701029226,1.29181744604295,1.16656137580459,1.22337689908979,1.27614455709718,0,0,0,0,0,0,0,0,0,0,0,0,0
M25,-1.20397280432594,-1.20397280432594,-1.20397280432594,-1.20397280432594,-1.20397280432594,-1.20397280432594,-1.19859459423114,-1.20397280432594,-1.20397280432594,-1.20397280432594,-1.20397280432594,-1.20277764652709,-1.20397280432594,1.1984080526375,1.28615627772304,1.11521499775107,1.17696327560065,1.12269939851506,1.19151247327849,1.33453688212197,1.34372888675474,1.39026232275788,1.41185666555286,0.997892198516649,1.25717364126048,1.22733274030104,0.344211194734875,0.552816106308498,0.562698286097434,0.708790344825126,1.06866346199622,0.999456914933018,0.984650330613217,0.296057871552527,0.470006173236989,1.0731021834124,0.304012892915429,0.413008151173386,0.91339883550376
M27,-1.20397280432594,-1.20397280432594,-1.20397280432594,-1.20397280432594,-1.20397280432594,-1.20397280432594,-1.20397280432594,-1.20397280432594,-1.20397280432594,-1.20397280432594,-1.20397280432594,-1.20397280432594,-1.20397280432594,1.09743269841361,1.05560496959437,1.06035794423475,0.883504388852558,1.00433217133572,0.98207490144921,1.21408564098887,1.20736958984368,1.01081857832202,1.03705294190693,0.887003570778125,1.09965325709776,1.02651620265164,0.131952866480763,0.0693147180559945,0.231049060186648,0,0,0.255965638461151,0.452314214995815,0.0915510240556758,0,0,0.313889225333746,0.113051726526203,0.181468425060161
M28,-1.20397280432594,-1.20397280432594,-1.20397280432594,-1.20022732835059,-1.20397280432594,-1.20397280432594,-1.20397280432594,-1.20397280432594,-1.20397280432594,-1.20397280432594,-1.20397280432594,-1.20397280432594,-1.20362166595325,1.01903063951792,1.06050970402569,0.913239587357983,1.01955029607008,0.988265112917692,1.05776884452178,1.08067814932535,1.16803181159356,1.079059859971,1.10818598175891,1.06577131407294,1.06460096596441,1.04894186364015,0.365199045369283,0.160878011014339,0.924399934963672,1.08215759075672,0.58866991100019,0.865686539560749,0.581162870781326,0.22060470060678,0.528748622942178,0.828754998431231,0.611340787069332,0.276986804311902,0.691564325231738
M29,-1.20397280432594,-1.20397280432594,-1.20397280432594,-1.20397280432594,-1.20397280432594,-1.20397280432594,-1.20397280432594,-1.20397280432594,-1.20397280432594,-1.20397280432594,-1.20397280432594,-1.20397280432594,-1.20397280432594,1.158677288589,1.29792644383264,1.01400951074287,1.23822795404465,1.01632104307506,1.21729600336844,1.31152384581269,1.27073464949762,1.08869946234483,1.2079432541402,1.08284863762229,1.25325606267775,1.13063812516832,0.153570152708474,0,1.16755449810072,0,0.555251630381589,0,0,0,0.143911568312128,0,0.218295175845167,0.0568778343364719,0.1959902319711
M31,-1.20267403000577,-1.2028233284147,-1.20397280432594,-1.20397280432594,-1.20397280432594,-1.20397280432594,-1.20397280432594,-1.20397280432594,-1.20397280432594,-1.20397280432594,-1.20397280432594,-1.20306604498097,-1.20397280432594,1.07628711284361,1.23646404333805,1.102605979453,1.11573786763717,1.10119984286907,1.04832740861646,1.16465367662555,1.18323433984689,1.05459869065931,1.04116067869925,1.01833280170441,1.15857517616,1.07742810916489,0.711073823684374,0.614386480065867,1.86045796760139,1.36887604555761,1.46037002654196,1.2913079979478,0.899706090858,0.858983544826147,1.35785979322352,1.3818575821892,0.978262454867621,0.564012658688301,1.40572111496562
M32,-1.20397280432594,-1.20397280432594,-1.20397280432594,-1.20397280432594,-1.20397280432594,-1.19283287585565,-1.20397280432594,-1.20397280432594,-1.20397280432594,-1.20103149214966,-1.20397280432594,-1.20397280432594,-1.20116828095103,1.11024433630208,1.02536270844307,1.04040120501266,0.965077386254346,0.991674653867088,0.938597870769168,1.27064181830471,1.17345045002002,1.02296210453643,1.06249238530585,0.898074796365299,1.091426145887,1.01708933799928,0.317805383034795,0,0,0,0.127982819230575,0.148531538691417,0,0,0.274653072167027,0.712972809332025,0.156944612666873,0.138050369432667,0.183940750982817
M34,-1.20397280432594,-1.20397280432594,-1.19621946838679,-1.20005105475757,-1.18604279165532,-1.20397280432594,-1.20397280432594,-1.19621526907044,-1.20397280432594,-1.20397280432594,-1.20397280432594,-1.20224890760249,-1.19932373880994,0.692186999824977,0.755971276949937,0.768341306965814,0.783244646263313,0.677994320807955,0.689909350751228,0.853509788007086,0.862992179715284,0.857042715840979,0.908840742485652,0.633808749283136,0.744412031854233,0.765004751373576,1.63092417701459,1.55456604618228,1.59973985333452,1.65611857308656,1.63064603613523,1.75875977253349,1.68317703172318,1.30145860050259,1.59315722912077,1.62569642758076,1.57568471487024,1.59393801778795,1.61986548511871
M35,-1.20397280432594,-1.20397280432594,-1.20397280432594,-1.20397280432594,-1.20397280432594,-1.2023676003365,-1.20397280432594,-1.20201192954175,-1.20397280432594,-1.20397280432594,-1.20397280432594,-1.20397280432594,-1.20325400193121,0.983628545923471,0.984304361632809,0.962976040132942,0.942920259704104,0.892572044026277,0.89920858109987,1.14703619375379,1.05960637578858,0.959479574325245,0.93389898683269,0.857905949709052,1.00178337575878,0.942645636130176,0.251736269404026,0.329636224207071,0.262522974800271,0.164721414086977,1.40981994932013,1.24131023639492,0.934414795081339,0.08709577789522,1.00110984041563,0.796672440164181,0.777251932347763,0.36223114264503,0.997303214836187
M36,-1.20279627945543,-1.20397280432594,-1.20397280432594,-1.20397280432594,-1.20397280432594,-1.20397280432594,-1.20397280432594,-1.20397280432594,-1.20397280432594,-1.20397280432594,-1.20397280432594,-1.2035370543739,-1.20397280432594,1.33356372699322,1.3001422221679,1.2166331774676,1.18083161763742,1.33391355360316,1.29700240930322,1.38008894494187,1.34199673326509,1.38765182623031,1.37402863541394,1.04226829699551,1.30936788305751,1.3132393024788,0,0.0549306144334055,0,0.240864313158014,0.0784723063334364,0,0.0577622650466621,0,0.3106133312235,0,0,0.0203446720123724,0.0668229081096259
M37,-1.20397280432594,-1.20397280432594,-1.20397280432594,-1.20397280432594,-1.20397280432594,-1.20397280432594,-1.20397280432594,-1.20397280432594,-1.20397280432594,-1.20397280432594,-1.20397280432594,-1.20397280432594,-1.20397280432594,0.929409644559908,0.962843027354803,0.937767902575899,1.00894611865013,1.2040578661252,1.1543259711042,1.21923084071898,1.13759677936656,1.27101964289132,1.27956378021345,1.05909207416017,0.987326941582346,1.19381144045811,0,0,0,0,0.227080324808479,0,0,0.260782495722429,0,0,0.223544171738751,0.0579516657160953,0.0496738210518548
M38,-1.20397280432594,-1.20397280432594,-1.20397280432594,-1.20397280432594,-1.20397280432594,-1.20397280432594,-1.20397280432594,-1.20191508661007,-1.20397280432594,-1.20397280432594,-1.20397280432594,-1.20397280432594,-1.20358698225421,1.12448307344876,1.21411990269959,1.00707643295469,1.16547171694348,1.07868458348976,1.0420596242462,1.27188187525032,1.31611430926062,1.16872560719648,1.19790439447293,0.934904478489044,1.19803838603206,1.10743694048515,0,0,0.260804167221188,0,1.23006572379715,0,0.642345792008433,0.276073106480618,0.288522913347611,0,0.185596274373459,0.061349579217915,0.470332060437243
M39,-1.20397280432594,-1.20164680354419,-1.1887285164361,-1.18012266371916,-1.20397280432594,-1.20397280432594,-1.20397280432594,-1.20397280432594,-1.20397280432594,-1.20397280432594,-1.1863136677592,-1.20311132255492,-1.20173685364405,0.877310875733936,0.800471942756277,0.750059328001367,0.732766643793203,0.750391184991914,0.829373593210803,0.943822319284402,0.956653313449943,0.905126918582305,0.945332163193549,0.744631207262853,0.862169150260416,0.84220182019687,0.303716510782638,0.811967773546344,1.56591504354794,1.56868346248646,1.20983540964363,0.922837800694584,0.274006313448145,0.35432314038078,0,0,0.730348145414448,0.448761532124892,0.730753911888794
M40,-1.20397280432594,-1.20397280432594,-1.20397280432594,-1.20397280432594,-1.20397280432594,-1.20397280432594,-1.20397280432594,-1.20397280432594,-1.20397280432594,-1.20397280432594,-1.20397280432594,-1.20397280432594,-1.20397280432594,0.942645606766593,0.97552890145153,0.95443633404838,0.801004089050287,1.14255917757734,1.11946590852656,1.04970553471758,1.08410750373725,1.22817067501191,1.25631694748605,0.981310495281887,0.973298786325608,1.13047567317698,0.386094994506274,0.597787369986634,1.27689581724269,1.28720722405042,1.66349463227136,1.39603980290302,0.53074880010027,0.283829109029094,1.71799664562256,1.40966471119264,0.953296478757887,0.394788079034565,1.39954401775387
M41,-1.20397280432594,-1.20397280432594,-1.20397280432594,-1.20397280432594,-1.20397280432594,-1.20397280432594,-1.20397280432594,-1.20397280432594,-1.20397280432594,-1.20397280432594,-1.20397280432594,-1.20397280432594,-1.20397280432594,1.14115844625638,1.07127969533356,1.14274839211754,0.92822654485559,1.18204678889325,1.00928881855403,1.28847431340016,1.07730702962193,1.12582074093015,1.01626011412004,0.996255044780361,1.12157017366755,1.08382804904408,0.258249200516117,0,0.382525354682279,0.555393544225022,0.0819528422900574,0.192177451512865,0.647121283457879,0.181567818283176,0,0,0,0.229805679771029,0.118188698153114
M42,-1.20397280432594,-1.20397280432594,-1.20397280432594,-1.20397280432594,-1.20397280432594,-1.20397280432594,-1.20397280432594,-1.20397280432594,-1.20397280432594,-1.19746135597863,-1.20397280432594,-1.20397280432594,-1.20315887328252,1.22999412701175,1.11785636634571,1.23855156103587,0.973322326756914,1.02620032424852,0.98682598763862,1.2810158575517,1.17861976168689,0.989082294485491,1.03375763181222,0.966319876455272,1.1864433958453,1.03462382165528,0,0.0693147180559945,0.552671102122599,1.19030181245929,0.557551722696909,0.836008557545757,0.0915510240556758,0,0,0,0.225904097823201,0.0256721177985165,0.46234577466723
M43,-1.20397280432594,-1.20397280432594,-1.20397280432594,-1.20397280432594,-1.20397280432594,-1.20397280432594,-1.20397280432594,-1.20397280432594,-1.20397280432594,-1.20397280432594,-1.20397280432594,-1.20397280432594,-1.20397280432594,1.14528012630698,1.1733246692086,1.10796847665947,1.12209772177564,1.08561051879682,1.12087926853156,1.29835857977997,1.22623775053878,1.18950187150689,1.10635808434043,1.00696611919053,1.17898035849331,1.12749886060219,0.066087791999116,0.109861228866811,0,0.429677339246677,0.27739221535042,0.0495105128971389,0,0.149313289102338,0.243238768631914,0.173286795139986,0.130898675982022,0.0821346509109758,0.166625863177328
M44,-1.20007472725245,-1.18748364563164,-1.18903744454432,-1.19964355659206,-1.19185459958571,-1.19300278129044,-1.20397280432594,-1.19946720255341,-1.19614245607935,-1.20397280432594,-1.19836984530404,-1.19542073142546,-1.19628158571931,0.698947554918044,0.780647588178702,0.616628827763309,0.624185227107849,0.563879589981235,0.55972744769103,0.761036647213821,0.821394922064659,0.629825868577701,0.753186618783353,0.589925146396281,0.765546500531049,0.612076952028683,1.62855267710707,1.25030060396764,1.50543932650718,1.46558830193482,1.43257365347243,1.68769185790557,1.4107769668422,1.52055238927026,1.59179515072763,1.21012341844499,1.59060981060638,1.4582921724624,1.50722240996331
M45,-1.20397280432594,-1.20279627945543,-1.20397280432594,-1.20397280432594,-1.20397280432594,-1.20397280432594,-1.20397280432594,-1.20009613635636,-1.20116369734443,-1.20397280432594,-1.20397280432594,-1.2035370543739,-1.20289479070895,1.31046416480393,1.23616713135351,1.3112969906283,1.18358359837139,1.31278624008624,1.2545977687457,1.36965437160202,1.29006971800042,1.42917732135066,1.42485649514501,1.26988322949747,1.266378853314,1.3387964084802,0,0,0,0,0,0,0,0,0,0.173286795139986,0,0,0.0216608493924983
M46,-1.20397280432594,-1.20397280432594,-1.20397280432594,-1.20397280432594,-1.2006499460663,-1.20206792953435,-1.20397280432594,-1.19793151248942,-1.20397280432594,-1.20397280432594,-1.20397280432594,-1.20397280432594,-1.20169649550164,1.16113869629602,1.14437196566976,1.20195677197108,1.03875248065015,1.04242626556404,1.02825446443967,1.12103356738977,1.19683167184998,1.05284655557524,1.1753814410215,0.910471148354312,1.1447261768536,1.0748476156138,0.0483191971473798,0.269930898081423,0,0,0,0,0,0,0,0,0,0.117870405640297,0
M47,-1.20397280432594,-1.20397280432594,-1.20397280432594,-1.20397280432594,-1.20397280432594,-1.20397280432594,-1.20397280432594,-1.20397280432594,-1.20397280432594,-1.20397280432594,-1.20397280432594,-1.20397280432594,-1.20397280432594,1.18980057497687,1.20133594574842,1.22817684680294,1.18111804184301,1.07706111675165,1.10377079605128,1.28818706256565,1.2007118163844,1.01831225177585,1.04564403266201,0.951448047636256,1.20628950954622,1.08781606829543,0,0.069583721811794,0,0,0.356337975545451,0.703710190798528,0,0.150024118967449,0,0,0,0.025771748819183,0.260015058694142
M48,-1.20397280432594,-1.20397280432594,-1.20397280432594,-1.20397280432594,-1.20397280432594,-1.20397280432594,-1.20397280432594,-1.20397280432594,-1.20397280432594,-1.20397280432594,-1.20397280432594,-1.20397280432594,-1.20397280432594,1.05583198685329,1.1379005587342,1.06480509159152,1.12201831505156,1.11873254252286,1.16570910410307,1.2324443103496,1.22084708708184,1.07908969978182,1.23625400285392,1.06429065922593,1.11727967739725,1.15528876311848,0,0.095166562244258,0,0.115524530093324,0.668705813166308,0,0,0,0,0,0,0.0352468749052807,0.157109821326379
M49,-1.20397280432594,-1.20397280432594,-1.20397280432594,-1.20397280432594,-1.20397280432594,-1.20397280432594,-1.20397280432594,-1.20397280432594,-1.20397280432594,-1.20397280432594,-1.20397280432594,-1.20397280432594,-1.20397280432594,1.46052645215376,1.46018938473751,1.42039941968363,1.42404340575726,1.38320644936284,1.44065013717632,1.49165484916223,1.4967158376743,1.48766562643902,1.48168085007165,1.32089053884823,1.46607045812832,1.44753278125646,0,0.0972955074527657,0,0,0,0,0,0,0,0,0,0.036035373130654,0
M50,-1.20397280432594,-1.20397280432594,-1.20397280432594,-1.20397280432594,-1.2023676003365,-1.19950706454156,-1.20397280432594,-1.20397280432594,-1.19484781197602,-1.15967115819235,-1.20397280432594,-1.20397280432594,-1.19596645556498,1.20346246728612,1.198902214611,1.2206587085679,1.141719236558,1.10460175850766,1.01814506741569,1.26370472750504,1.29949164902799,0.994706665357476,0.990104685476301,1.04544230289328,1.21479379501364,1.0834274388307,0,0,0.572793529609461,0,0.120868433478187,0,0.128561948716524,0.148030605083402,0,0,0,0,0.10754719983926
M51,-1.20397280432594,-1.20397280432594,-1.20397280432594,-1.20397280432594,-1.20397280432594,-1.20397280432594,-1.20397280432594,-1.20397280432594,-1.20397280432594,-1.20397280432594,-1.20397280432594,-1.20397280432594,-1.20397280432594,1.02290754717112,1.00769384650717,0.989913538506056,1.01536584031087,0.970566634764026,0.921846740696792,1.17884231395458,1.17731504158796,0.862817533697262,0.852918291262787,0.806651120396746,1.05351584214554,0.941778820879377,0.557761813050107,0.0825728191590981,0.980218313870266,0.301859653737586,0.302661155583742,0.624378621725395,0.372336819637194,0.225187721847287,0.361296469737021,0.945948056409965,1.09699159069589,0.2865830564511,0.597945775347797
